salary,city,companyShortName,district,companyId,jobNature,industryField,createTime,firstType,secondType,positionAdvantage,positionName,education,companyFullName,companyLabelList,companySize
8k-14k,深圳,紫川软件,福田区,63500,全职,"电子商务,金融",2018-07-12 08:29:37,开发/测试/运维类,后端开发,周末双休 免费体检 员工旅游 五险一金,python工程师,本科,深圳市紫川软件有限公司,"节日礼物, 年底双薪, 绩效奖金, 岗位晋升, ",500-2000人
15k-30k,深圳,MINIEYE,南山区,124262,全职,"硬件,其他",2018-07-12 10:01:21,开发/测试/运维类,后端开发,"无人驾驶,车厂合作,扁平化管理,股票期权",python工程师,本科,深圳佑驾创新科技有限公司,"无人驾驶, 国际标准, 车厂合作, 海归团队, ",50-150人
10k-20k,深圳,卖座网,南山区,56,全职,"移动互联网,电子商务",2018-07-12 09:37:19,开发/测试/运维类,后端开发,大数据、人工智能,Python工程师,本科,深圳市华宇讯科技有限公司,"技能培训, 股票期权, 五险一金, 弹性工作, ",500-2000人
10k-20k,深圳,南方网通,南山区,59235,全职,电子商务、广告营销,2018-07-12 08:51:36,开发/测试/运维类,后端开发,"五险一金,提供住宿,员工旅游",Python工程师,本科,深圳市南方网通网络技术开发有限公司,"技能培训, 节日礼物, 专项奖金, 带薪年假, ",150-500人
20k-40k,深圳,海知智能,南山区,88978,全职,"移动互联网,数据服务",2018-07-12 16:40:36,开发/测试/运维类,后端开发,"人工智能,技术大牛,成长空间大,创新前沿",Python开发工程师,本科,上海海知智能科技有限公司,"晋升空间大, 硅谷管理风格, 创新前沿, 尊重个性, ",50-150人
10k-20k,深圳,有鱼智能科技,福田区,87029,全职,"移动互联网,金融",2018-07-11 09:48:58,开发/测试/运维类,后端开发,"上市公司,弹性工作制,大牛多,发展空间大",Python开发工程师,本科,深圳市有鱼智能科技有限公司,"节日礼物, 股票期权, 带薪年假, 绩效奖金, ",150-500人
15k-30k,深圳,极光,南山区,917,全职,"移动互联网,数据服务",2018-07-11 09:33:50,技术,后端开发,五险一金、14薪/年、下午茶、工作餐等等,Python开发工程师,本科,深圳市和讯华谷信息技术有限公司,"五险一金, 文体活动, 团建旅游, 美味晚餐, ",500-2000人
15k-20k,深圳,游方互动,南山区,136999,全职,移动互联网,2018-07-12 17:02:52,开发/测试/运维类,软件开发,"五险一金,周末双休,年底双薪,超赞团队",Python工程师,本科,深圳市游方互动科技有限公司,"年底双薪, 股票期权, 带薪年假, 扁平管理, ",15-50人
15k-20k,深圳,新华云帆,南山区,29231,全职,数据服务,2018-07-12 09:18:11,开发/测试/运维类,后端开发,"五险一金,餐饮补助,定期体检,弹性工作",python开发工程师,本科,深圳市新华云帆科技有限公司,"年底双薪, 节日礼物, 春节16天假, 带薪年假, ",150-500人
15k-30k,深圳,Wise2c,南山区,124064,全职,"移动互联网,其他",2018-07-10 10:19:06,开发/测试/运维类,后端开发,"13薪,年终奖,公司福利好,公司氛围好",Python开发工程师,本科,深圳睿云智合科技有限公司,"股票期权, 带薪年假, 年底双薪, 定期体检, ",15-50人
15k-25k,深圳,500.com集团,南山区,9275,全职,"移动互联网,电子商务",2018-07-12 10:08:06,开发/测试/运维类,后端开发,氛围轻松,Python开发工程师,本科,深圳市易讯天空网络技术有限公司,"股票期权, 绩效奖金, 专项奖金, 交通补助, ",150-500人
20k-40k,深圳,萨摩耶金服,南山区,73604,全职,金融,2018-07-12 09:40:40,开发/测试/运维类,后端开发,"五险一金,待遇丰厚",python工程师,本科,深圳萨摩耶互联网金融服务有限公司,"技能培训, 年度旅游, 岗位晋升, 五险一金, ",150-500人
9k-16k,深圳,金证股份,福田区,25317,全职,金融,2018-07-12 15:52:17,开发/测试/运维类,后端开发,"上市公司,大型项目,年度调薪,薪资福利好",Python开发,本科,深圳市金证科技股份有限公司,"激情的团队, 股票期权, 努力变大牛, 有舞台给您跳, ",2000人以上
5k-8k,深圳,花果山,南山区,16039,全职,电子商务,2018-07-12 11:08:49,技术,后端开发,年轻富有活力的团队，稳步发展的创业公司。,Python,本科,深圳花果山科技有限公司,"年底双薪, 团队建设, 节日礼物, 员工每月分红, ",150-500人
15k-20k,深圳,松茂科技,南山区,90570,全职,移动互联网,2018-07-12 18:42:03,开发/测试/运维类,后端开发,"十点上班,周末双休,下午茶零食,团建旅游",Python开发工程师,本科,深圳松茂科技有限公司,"周末双休, 年轻团队, 朝十晚六, 技能培训, ",50-150人
20k-25k,深圳,南方网通,南山区,59235,全职,电子商务、广告营销,2018-07-12 08:51:36,开发/测试/运维类,后端开发,"五险一金,提供住宿,员工旅游",Python AI工程师,本科,深圳市南方网通网络技术开发有限公司,"技能培训, 节日礼物, 专项奖金, 带薪年假, ",150-500人
10k-20k,深圳,新华云帆,南山区,29231,全职,数据服务,2018-07-12 09:17:10,开发/测试/运维类,后端开发,"五险一金,餐饮补助,定期体检,弹性工作",python开发工程师,本科,深圳市新华云帆科技有限公司,"年底双薪, 节日礼物, 春节16天假, 带薪年假, ",150-500人
20k-25k,深圳,布谷鸟科技,南山区,148452,全职,"电子商务,移动互联网",2018-07-02 15:34:27,开发/测试/运维类,后端开发,"五险一金,绩效奖金,技术大牛多,团队年轻化",Python开发工程师,本科,深圳布谷鸟信息科技有限公司,"高颜值公司, 发展潜力大, 美女多, 岗位晋升, ",500-2000人
13k-25k,深圳,比特大陆,南山区,21539,全职,"移动互联网,硬件",2018-07-12 13:23:30,开发/测试/运维类,后端开发,"弹性工作,年底双薪,丰厚福利",Python开发工程师-深圳-01278,本科,北京比特大陆科技有限公司,"丰厚底薪, 年底双薪, 六险一金, 午餐补助, ",150-500人
10k-20k,深圳,试金石信用,南山区,135243,全职,"数据服务,移动互联网",2018-07-12 09:24:33,开发/测试/运维类,后端开发,"福利好,大牛多",Python开发岗,本科,试金石信用服务有限公司,"年终奖金, 绩效奖金, 餐补交通补, 过节费, ",50-150人
15k-30k,深圳,羚羊极速,南山区,60841,全职,移动互联网,2018-07-10 17:31:28,开发/测试/运维类,运维安全,"发展前景好,股份期权,团队年轻,福利好",Python 开发工程师,本科,深圳羚羊极速科技有限公司,"节日礼物, 绩效奖金, 岗位晋升, 定期体检, ",50-150人
15k-25k,深圳,海南新浪爱问普惠科技有限公司,南山区,175085,全职,金融,2018-07-10 11:12:40,开发/测试/运维类,后端开发,"福利好,金融科技,大数据,发展空间大",Python工程师,本科,海南新浪爱问普惠科技有限公司,"午餐补助, 通讯津贴, 带薪年假, 交通补助, ",150-500人
15k-22k,深圳,回收宝,南山区,30456,全职,"移动互联网,电子商务",2018-07-12 10:25:26,开发/测试/运维类,后端开发,"腾讯系团队,大牛导师多,发展前景广,薪资待遇好",Python开发工程师,本科,深圳回收宝科技有限公司,"股票期权, 城市核心, 岗位晋升, 腾讯系, ",150-500人
15k-30k,深圳,Gridsum 国双,福田区,3038,全职,"数据服务,企业服务",2018-07-12 10:41:37,开发/测试/运维类,后端开发,发挥空间 晋升空间 牛人多 团队优秀,资深python开发工程师,本科,北京国双科技有限公司,"年度旅游, 节日礼物, 年底双薪, 带薪年假, ",500-2000人
15k-30k,深圳,极光,南山区,917,全职,"移动互联网,数据服务",2018-07-11 09:33:49,技术,后端开发,五险一金、14薪+、下午茶、年度旅游等等,高级Python开发工程师,本科,深圳市和讯华谷信息技术有限公司,"五险一金, 文体活动, 团建旅游, 美味晚餐, ",500-2000人
14K-22K,深圳,博奥特科技,福田区,69152,全职,"移动互联网,金融",2018-07-06 09:52:30,开发/测试/运维类,后端开发,证券行业，提升空间大,python,本科,深圳市博奥特科技有限公司,"绩效奖金, 领导好, 帅哥多, 美女多, ",150-500人
15k-30k,深圳,商汤科技,南山区,40459,全职,移动互联网,2018-07-10 18:37:21,开发/测试/运维类,后端开发,"人工智能,福利好,技术大牛多,弹性工作",Python开发工程师,本科,北京市商汤科技开发有限公司,"五险一金, 弹性工作, 丰盛三餐, 发展空间大, ",500-2000人
7k-13k,深圳,汇金智融,南山区,119788,全职,"移动互联网,电子商务",2018-07-12 15:31:57,开发/测试/运维类,后端开发,"加班费高,年终奖,带薪年假,五险一金",深圳Python开发工程师,本科,汇金智融（北京）科技有限公司,"年底双薪, 绩效奖金, 带薪年假, 弹性工作, ",150-500人
10k-20k,深圳,科迈爱康,南山区,111390,全职,"移动互联网,数据服务",2018-07-11 16:44:15,开发/测试/运维类,后端开发,"大神团队,发展空间大,氛围活跃",Python开发工程师,本科,深圳市科迈爱康科技有限公司,"合伙人, 薪资丰厚, 年轻团队, 领导高逼格, ",15-50人
15k-30k,深圳,小步网络,宝安区,130397,全职,移动互联网,2018-07-12 11:03:36,开发/测试/运维类,后端开发,"待遇优厚,成长空间大,弹性上班,下午茶",Python后台开发工程师,本科,深圳小步网络科技有限公司,"股票期权, 定期体检, 下午茶, 年度旅游, ",50-150人
20k-30k,深圳,FDTAI,福田区,255047,全职,金融,2018-07-09 15:51:28,开发/测试/运维类,后端开发,"晋升空间大,平台好,领导好",Python开发工程师,本科,深圳大湾区智慧科技有限公司,"弹性工作, 领导好, 岗位晋升, 诱人的高薪, ",50-150人
15k-20k,深圳,深圳市九洲电器有限公司,南山区,201891,全职,其他,2018-07-12 15:13:00,开发/测试/运维类,后端开发,双休,python高级开发工程师,本科,深圳市九洲电器有限公司,"年底双薪, 专项奖金, 带薪年假, 交通补助, ",150-500人
15k-25k,深圳,万科物业,福田区,8350,全职,"O2O,生活服务",2018-07-11 14:08:27,开发/测试/运维类,后端开发,"弹性工作,团队激情",高级Python开发,本科,万科物业发展有限公司,"社区o2o, 原始股权, 弹性工作制, 互联网+, ",2000人以上
10k-20k,深圳,铭创信息,南山区,379145,全职,"移动互联网,金融",2018-07-09 15:45:02,开发/测试/运维类,后端开发,双休,Python开发工程师,本科,深圳前海铭创信息科技有限公司,"午餐补助, ",50-150人
15k-20k,深圳,Gridsum 国双,福田区,3038,全职,"数据服务,企业服务",2018-07-09 09:38:59,开发/测试/运维类,后端开发,大数据上市公司 福利待遇好 发展空间大,高级python开发工程师,本科,北京国双科技有限公司,"年度旅游, 节日礼物, 年底双薪, 带薪年假, ",500-2000人
15k-30k,深圳,糗事百科,南山区,1015,全职,移动互联网,2018-07-12 11:15:34,技术,后端开发,老司机来开车,Python,本科,心灵失重（北京）科技有限公司,"媲美名企高薪, 无限量零食, 五险一金, 年度旅游, ",150-500人
16k-30k,深圳,暴鸡电竞,南山区,163522,全职,"移动互联网,文化娱乐",2018-07-09 12:05:52,开发/测试/运维类,后端开发,"技术大牛多,福利待遇好,电竞风口,团队稳定",高级Python开发工程师,本科,深圳开黑科技有限公司,"股票期权, 岗位晋升, 年度旅游, 晚餐补贴, ",50-150人
18k-35k,深圳,极光,南山区,917,全职,"移动互联网,数据服务",2018-07-11 09:33:50,开发/测试/运维类,后端开发,"D轮+,14薪+,攻城狮氛围,牛掰团队",极光调研 - 高级 Python 工程师,本科,深圳市和讯华谷信息技术有限公司,"五险一金, 文体活动, 团建旅游, 美味晚餐, ",500-2000人
25k-35k,深圳,立新出行,宝安区,89990,全职,"电子商务,O2O",2018-07-12 09:37:11,开发/测试/运维类,后端开发,"周末双休,五险一金,自助零食,领导好",Python后台开发工程师,本科,深圳市立新出行信息技术有限公司,"年底双薪, 股票期权, 带薪年假, 绩效奖金, ",50-150人
12k-20k,深圳,上海炽聚,南山区,267905,全职,"电子商务,企业服务",2018-07-05 15:30:20,开发/测试/运维类,软件开发,"热点行业，五险一金，待遇从优,BAT工作机会",Python开发工程师,本科,上海炽聚网络科技有限公司,"绩效奖金, 交通补助, 带薪年假, 定期体检, ",50-150人
10k-20k,深圳,智言科技,南山区,164895,全职,"数据服务,其他",2018-07-10 19:06:03,开发/测试/运维类,后端开发,"海归团队,成长空简大,薪酬福利好,扁平管理",Python开发工程师,本科,智言科技(深圳)有限公司,"年底双薪, 绩效奖金, 通讯津贴, 扁平管理, ",50-150人
9k-15k,深圳,通力互联,龙岗区,123777,全职,"电子商务,企业服务",2018-07-08 18:36:35,开发/测试/运维类,软件开发,大牛带你,python工程师,本科,北京通力互联技术服务有限公司,"绩效奖金, 交通补助, 定期体检, 通讯津贴, ",2000人以上
10k-20k,深圳,合纵能源,龙华新区,155301,全职,移动互联网,2018-07-12 09:32:19,开发/测试/运维类,后端开发,"六险一金,组织扁平化,年底双薪,绩效奖金",Python开发工程师,本科,深圳合纵能源技术有限公司,,50-150人
20K-30K,深圳,YKS,龙岗区,38718,全职,电子商务,2018-07-05 18:35:11,开发/测试/运维类,后端开发,上市公司，大牛多，,高级python,本科,有棵树（深圳）网络科技有限公司,"技能培训, 绩效奖金, 岗位晋升, 扁平管理, ",2000人以上
12K-20K,深圳,一泰慧安,福田区,369757,全职,移动互联网 硬件,2018-07-05 13:14:30,开发/测试/运维类,后端开发,"扁平化,发展大",python工程师,本科,一泰慧安（深圳）科技有限公司,"股票期权, 年终分红, ",少于15人
15k-30k,深圳,万科物业,福田区,8350,全职,"O2O,生活服务",2018-07-12 10:59:59,开发/测试/运维类,后端开发,"平台好,空间大",Python开发工程师,本科,万科物业发展有限公司,"社区o2o, 原始股权, 弹性工作制, 互联网+, ",2000人以上
16k-23k,深圳,杉岩数据,南山区,71639,全职,"企业服务,数据服务",2018-07-11 09:54:49,开发/测试/运维类,软件开发,"领导好,发展空间大,9点半上班,扁平化管理",高级Python开发工程师,本科,深圳市杉岩数据技术有限公司,"股票期权, 扁平管理, 领导好, 五险一金, ",50-150人
10k-15k,深圳,荔枝微课,南山区,187673,全职,"移动互联网,教育",2018-07-12 15:19:50,开发/测试/运维类,后端开发,"五险一金,带薪年假",Python工程师,本科,深圳市微课科技有限公司,"美女多, 弹性工作, 扁平管理, 年底双薪, ",50-150人
6k-12k,深圳,淘乐网络,南山区,20727,全职,游戏,2018-07-02 09:51:50,开发/测试/运维类,后端开发,"包三餐,发展空间大,行业领先",python客户端开发工程师,本科,深圳淘乐网络科技有限公司,"项目分成, 骨干配车, 年终奖, 免费三餐, ",150-500人
10k-20k,深圳,江苏亿科达,福田区,128998,全职,"移动互联网,金融",2018-07-12 10:11:07,开发/测试/运维类,后端开发,"年终奖,带薪年假,周末双休,五险一金",python 工程师,本科,上海海万信息科技股份有限公司,,500-2000人
13k-25k,深圳,暴鸡电竞,南山区,163522,全职,"移动互联网,文化娱乐",2018-07-09 12:05:52,开发/测试/运维类,后端开发,"电竞类项目,融资速度快,高期权,腾讯系团队",Python研发工程师,本科,深圳开黑科技有限公司,"股票期权, 岗位晋升, 年度旅游, 晚餐补贴, ",50-150人
12k-14k,深圳,金证股份,福田区,25317,全职,金融,2018-07-12 15:52:17,开发/测试/运维类,后端开发,"上市公司,大型项目,办公环境好,五险一金",后台开发（python）工程师,本科,深圳市金证科技股份有限公司,"激情的团队, 股票期权, 努力变大牛, 有舞台给您跳, ",2000人以上
8k-12k,深圳,松茂科技,南山区,90570,全职,移动互联网,2018-07-12 18:42:02,开发/测试/运维类,后端开发,"十点上班,周末双休,下午茶零食,团建旅游",Python开发工程师,本科,深圳松茂科技有限公司,"周末双休, 年轻团队, 朝十晚六, 技能培训, ",50-150人
10k-20k,深圳,微思敦,南山区,47871,全职,"移动互联网,广告营销",2018-07-12 15:53:48,开发/测试/运维类,后端开发,"五险一金,带薪年假,海外游学,每日下午茶",python开发工程师,本科,武汉微思敦网络技术有限公司,"五险一金, 绩效奖金, 交通补助, 通讯津贴, ",50-150人
15k-25k,深圳,智言科技,南山区,164895,全职,"数据服务,其他",2018-07-10 19:06:03,开发/测试/运维类,后端开发,"海归团队,股票期权,成长空简大,福利待遇优",高级Python开发工程师,本科,智言科技(深圳)有限公司,"年底双薪, 绩效奖金, 通讯津贴, 扁平管理, ",50-150人
10k-20k,深圳,前海汇流,南山区,32687,全职,移动互联网,2018-07-12 14:41:26,开发/测试/运维类,后端开发,"高薪假多,5天7小时,土豪奖金,境外旅游",Python研发工程师,本科,深圳市前海汇流信息科技有限公司,"带薪年假, 年度旅游, 领导好, 年底双薪, ",50-150人
10k-20k,深圳,酷竞NBA,南山区,147400,全职,"文化娱乐,游戏",2018-07-12 09:38:03,开发/测试/运维类,后端开发,"涨薪频率快,转正享年假,高颜值团队,丰富下午茶",Python开发工程师,本科,深圳酷竞科技有限公司,"交通补助, 绩效奖金, 专项奖金, 带薪年假, ",15-50人
18k-25k,深圳,武汉烧麦财播科技有限公司,南山区,205821,全职,"移动互联网,金融",2018-07-10 10:18:28,开发/测试/运维类,后端开发,"福利多,机会多,富有挑战性",Python开发工程师（深圳公司）,本科,武汉烧麦财播科技有限公司,"专项奖金, 绩效奖金, 带薪年假, 定期体检, ",50-150人
16k-22k,深圳,明源云,南山区,5580,全职,"移动互联网,企业服务",2018-07-12 09:39:22,开发/测试/运维类,后端开发,技术导向，牛人多，氛围赞，扁平管理,高级Python开发工程师,本科,深圳市明源云客电子商务有限公司,"高额六险一金, 年底双薪, 绩效奖金, N项经费, ",2000人以上
15k-25k,深圳,高盈量化云科技（深圳）有限公司,南山区,238851,全职,金融,2018-07-11 17:14:47,开发/测试/运维类,后端开发,Pytho,Python开发工程师,本科,高盈量化云科技（深圳）有限公司,,50-150人
20k-25k,深圳,微思敦,南山区,47871,全职,"移动互联网,广告营销",2018-07-12 15:53:49,开发/测试/运维类,后端开发,"五险一金,周末双休,年终奖,出国游",高级Python开发工程师,本科,武汉微思敦网络技术有限公司,"五险一金, 绩效奖金, 交通补助, 通讯津贴, ",50-150人
10k-16k,深圳,杉岩数据,南山区,71639,全职,"企业服务,数据服务",2018-07-11 09:54:50,开发/测试/运维类,后端开发,"扁平化管理,发展空间大,产品有竞争,氛围融洽",Python开发工程师,本科,深圳市杉岩数据技术有限公司,"股票期权, 扁平管理, 领导好, 五险一金, ",50-150人
15k-25k,深圳,高盈量化云科技（深圳）有限公司,南山区,238851,全职,金融,2018-07-11 17:14:47,开发/测试/运维类,后端开发,Pytho,Python开发工程师,本科,高盈量化云科技（深圳）有限公司,,50-150人
16k-28k,深圳,乐格信息,福田区,7918,全职,"企业服务,数据服务",2018-07-12 17:37:53,开发/测试/运维类,后端开发,"精英团队,个人成长,外企文化,创业精神",Python高级开发工程师,本科,乐格商业咨询（深圳）有限公司,"节日礼物, 技能培训, 职业发展预期, 岗位晋升, ",150-500人
2k-4k,深圳,Gridsum 国双,福田区,3038,实习,"数据服务,企业服务",2018-07-12 10:22:06,开发/测试/运维类,后端开发,"发展空间大,牛人多,弹性工作制,福利好",Python实习工程师,本科,北京国双科技有限公司,"年度旅游, 节日礼物, 年底双薪, 带薪年假, ",500-2000人
8k-14k,深圳,大数点,南山区,59030,全职,移动互联网,2018-07-10 10:45:27,开发/测试/运维类,后端开发,"奢侈品奖励,年度旅游,提成奖金,最前沿方向",Python研发工程师,本科,深圳大数点科技有限公司,"技能培训, 节日礼物, 绩效奖金, 年度旅游, ",15-50人
22k-28k,深圳,鼎然信息科技,南山区,68890,全职,移动互联网,2018-07-09 16:49:36,开发/测试/运维类,后端开发,"双休,五险一金,弹性上下班,福利好",Python,本科,深圳鼎然信息科技有限公司,"节日礼物, 技能培训, 岗位晋升, 年度旅游, ",50-150人
15k-20k,深圳,万兴科技股份有限公司,南山区,1720,全职,移动互联网,2018-06-22 18:28:50,开发/测试/运维类,后端开发,"在线高并发,技术难度大,运维要求高",Python开发工程师,本科,万兴科技股份有限公司,"股票期权, 骨干配车, 创业平台, 餐饮补助, ",150-500人
8k-12k,深圳,米筐 (Ricequant),南山区,37669,全职,金融,2018-06-15 11:05:00,开发/测试/运维类,运维安全,"双休,带薪年假,有猫,不打卡",运维工程师/Python工程师,本科,深圳米筐科技有限公司,"技能培训, 股票期权, 带薪年假, 年度旅游, ",50-150人
15k-19k,深圳,YIDATEC,南山区,168557,全职,"移动互联网,游戏",2018-07-09 09:45:13,开发/测试/运维类,后端开发,"年度调薪,年度奖金,年度旅游,职位晋升",python工程师,本科,亿达信息技术（深圳）有限公司,,2000人以上
10k-16k,深圳,博悦科创,南山区,117217,全职,移动互联网,2018-06-29 11:38:21,开发/测试/运维类,后端开发,"五险一金,年底双薪,定期体检,员工旅游",Python,本科,深圳市博悦科创科技有限公司,"年底双薪, 定期体检, 绩效奖金, 技能培训, ",500-2000人
15k-28k,深圳,焰火,南山区,375935,全职,移动互联网,2018-07-02 10:03:22,开发/测试/运维类,后端开发,区块链,Python工程师,本科,深圳焰火移动互联网科技有限公司,""""", ",15-50人
7k-12k,深圳,编玩边学,南山区,110722,全职,"教育,游戏",2018-07-10 18:44:13,其他,教育|培训,"五险一金,餐饮补贴,节日福利,办公零食",课程设计师（python）,本科,深圳市编玩边学教育科技有限公司,"专项奖金, 股票期权, 绩效奖金, 午餐补助, ",150-500人
18k-35k,深圳,图途时代,南山区,199935,全职,"企业服务,广告营销",2018-07-09 13:35:59,开发/测试/运维类,后端开发,"弹性制,五险一金,团队旅游,年终奖",资深python开发工程师,本科,深圳市图途时代科技有限公司,"年底双薪, 绩效奖金, 年终分红, 股票期权, ",50-150人
15k-30k,深圳,土巴兔,南山区,384,全职,"移动互联网,O2O",2018-07-06 15:35:26,开发/测试/运维类,运维安全,"扁平管理,独角兽公司,晋升空间大",python开发工程师,本科,深圳市彬讯科技有限公司,"股票期权, 五险一金, 带薪年假, 节日礼物, ",2000人以上
10k-15k,深圳,木浪云,南山区,145652,全职,"企业服务,数据服务",2018-06-26 21:20:31,技术,后端开发,"与牛人共事,发展空间大,有原始期权",Python,本科,深圳市木浪云数据有限公司,"股票期权, 年终分红, 带薪年假, 绩效奖金, ",15-50人
10k-20k,深圳,云之家,南山区,98586,全职,"移动互联网,企业服务",2018-07-12 09:30:14,开发/测试/运维类,数据开发,"发展空间大,扁平化管理,精英团队,领导超好",Python开发工程师,本科,深圳云之家网络有限公司,"节日礼物, 股票期权, 带薪年假, 年度旅游, ",150-500人
15K-30K,深圳,速联科技,南山区,142794,全职,"电子商务,移动互联网",2018-07-09 20:37:20,开发/测试/运维类,软件开发,牛人团队，大平台，高挑战，福利好,高级python开发工程师,本科,速联（深圳）科技有限公司,,500-2000人
15k-30k,深圳,微基因 WeGene,福田区,54712,全职,"移动互联网,医疗健康",2018-07-10 17:56:38,开发/测试/运维类,后端开发,"弹性工作,工作氛围好,领导好,福利佳",Python 开发工程师,本科,深圳市早知道科技有限公司,"朝十晚六, 团队氛围好, 扁平管理, 五险一金, ",50-150人
8k-14k,深圳,北京瑞友,南山区,150030,全职,"移动互联网,电子商务",2018-07-09 15:10:54,开发/测试/运维类,后端开发,"周末双休,车补饭补,员工聚餐",Python开发工程师,本科,北京瑞友科技股份有限公司,,2000人以上
25k-35k,深圳,微商时代科技集团,南山区,114867,全职,"移动互联网,电子商务",2018-07-09 11:09:08,开发/测试/运维类,软件开发,"年终奖,氛围好,平台大",高级python开发工程师,本科,深圳市微商时代科技有限公司,"年底双薪, 专项奖金, 年终分红, 通讯津贴, ",500-2000人
15k-20k,深圳,Gridsum 国双,福田区,3038,全职,"数据服务,企业服务",2018-07-12 10:22:07,开发/测试/运维类,后端开发,"发展空间大,牛人多,弹性工作制,福利好",高级运维开发工程师（python开发）,本科,北京国双科技有限公司,"年度旅游, 节日礼物, 年底双薪, 带薪年假, ",500-2000人
15k-30k,深圳,智言科技,南山区,164895,全职,"数据服务,其他",2018-07-10 19:06:03,开发/测试/运维类,后端开发,"福利待遇,六险一金,博士团队,人工智能",高级python开发工程师/专家,本科,智言科技(深圳)有限公司,"年底双薪, 绩效奖金, 通讯津贴, 扁平管理, ",50-150人
15k-30k,深圳,小伏科技,南山区,221090,全职,"移动互联网,硬件",2018-07-04 16:57:30,开发/测试/运维类,后端开发,公司福利好，执行力强，开放式办公。,Python 开发工程师,本科,深圳小伏科技有限公司,"股票期权, 早餐补助, 办公环境好, 创业公司, ",少于15人
2k-4k,深圳,卖座网,南山区,56,实习,"移动互联网,电子商务",2018-07-12 09:37:19,开发/测试/运维类,后端开发,行业大牛、项目机会,Python工程师实习生,本科,深圳市华宇讯科技有限公司,"技能培训, 股票期权, 五险一金, 弹性工作, ",500-2000人
15k-20k,深圳,通力互联,龙岗区,123777,全职,"电子商务,企业服务",2018-07-05 15:17:05,开发/测试/运维类,后端开发,"双休,福利好,美女多,工资高",Python算法工程师,本科,北京通力互联技术服务有限公司,"绩效奖金, 交通补助, 定期体检, 通讯津贴, ",2000人以上
20k-30k,深圳,顺丰科技有限公司,南山区,35996,全职,"移动互联网,电子商务",2018-07-12 14:54:18,开发/测试/运维类,后端开发,"开发,能力论英雄",Python开发,本科,顺丰科技有限公司,"技能培训, 节日礼物, 带薪年假, 岗位晋升, ",500-2000人
15k-30k,深圳,云天励飞,福田区,95529,全职,移动互联网,2018-07-10 21:36:48,开发/测试/运维类,后端开发,"五险一金,免费零食,人工智能,大牛多",Python后端工程师A,本科,深圳云天励飞技术有限公司,"节日礼物, 带薪年假, 年度旅游, 开放务实, ",150-500人
3k-4k,深圳,海知智能,南山区,88978,实习,"移动互联网,数据服务",2018-07-12 16:40:35,开发/测试/运维类,数据开发,"技术大牛,实习待遇高,提升迅速",Python开发实习生,本科,上海海知智能科技有限公司,"晋升空间大, 硅谷管理风格, 创新前沿, 尊重个性, ",50-150人
15k-23k,深圳,晶泰科技,福田区,76066,全职,"企业服务,医疗健康",2018-07-10 13:33:35,开发/测试/运维类,后端开发,"大牛多,公司氛围好,周末双休,成长快",高级Python开发工程师,本科,深圳晶泰科技有限公司,"节日礼物, 股票期权, 岗位晋升, 扁平管理, ",50-150人
10k-17k,深圳,富甲金融,南山区,106745,全职,"电子商务,金融",2018-07-12 14:09:16,开发/测试/运维类,后端开发,"待遇好,福利好,领导好,氛围好",Python,本科,深圳市前海富甲金融信息有限公司,"股票期权, 弹性工作, 五险一金, 扁平管理, ",50-150人
10k-18k,深圳,国文阅读,南山区,309984,全职,"电子商务,企业服务",2018-07-10 10:44:55,开发/测试/运维类,后端开发,"五险一金,近地铁,年底双薪",python工程师,本科,深圳市国文阅读科技有限公司,""""", ",50-150人
8k-15k,深圳,编玩边学,南山区,110722,全职,"教育,游戏",2018-07-10 18:44:12,开发/测试/运维类,后端开发,"五险一金,节日福利,餐饮补贴,运动健身",代码编程老师（Python）,本科,深圳市编玩边学教育科技有限公司,"专项奖金, 股票期权, 绩效奖金, 午餐补助, ",150-500人
10k-20k,深圳,行云智能,南山区,158669,全职,"移动互联网,硬件",2018-07-10 09:48:34,开发/测试/运维类,后端开发,"扁平化管理,周末双休,年终奖,发展空间大",Python开发工程师,本科,行云智能（深圳）技术有限公司,"年终分红, 绩效奖金, 专项奖金, 带薪年假, ",15-50人
8k-16k,深圳,SheIn,南山区,22233,全职,"移动互联网,电子商务",2018-07-09 23:55:51,开发/测试/运维类,后端开发,"发展前景,环境好,双休,氛围好",python开发,本科,深圳市找库科技有限公司,"五险一金, 带薪年假, 节日礼物, 年度旅游, ",500-2000人
20k-30k,深圳,和美信息,南山区,24548,全职,"金融,硬件",2018-07-11 09:50:09,开发/测试/运维类,后端开发,"机器人,银行",高级Python软件工程师,本科,深圳市和美信息技术有限公司,"五险一金, 通讯津贴, 带薪年假, 节日礼物, ",500-2000人
15K-30K,深圳,光启集团,南山区,322508,全职,"数据服务,硬件",2018-07-09 09:37:18,开发/测试/运维类,后端开发,"人工智能,公共安全,上市公司",python开发工程师,本科,深圳光启超材料技术有限公司,"股票期权, 定期体检, 专项奖金, 年度旅游, ",500-2000人
20k-35k,深圳,海链科技,南山区,276586,全职,金融,2018-07-12 11:31:24,开发/测试/运维类,后端开发,"腾讯系,技术导向,福利好",Python 后台工程师,本科,深圳海链科技有限公司,"年底双薪, 股票期权, 带薪年假, 午餐补助, ",50-150人
15k-30k,深圳,翼果科技,南山区,59521,全职,"大数据,互联网,移动互联网",2018-07-12 10:42:19,开发/测试/运维类,后端开发,"氛围好,快速扩展期,福利多",Python后台工程师(科技园),本科,翼果（深圳）科技有限公司,"绩效奖金, 岗位晋升, 扁平管理, 领导好, ",15-50人
18k-30k,深圳,晶泰科技,福田区,76066,全职,"企业服务,医疗健康",2018-07-10 13:33:35,开发/测试/运维类,数据开发,"技术成长快,公司前景好,领导好",Python 算法工程师,本科,深圳晶泰科技有限公司,"节日礼物, 股票期权, 岗位晋升, 扁平管理, ",50-150人
12K-15K,深圳,创元投资控股,福田区,401626,全职,金融 其他,2018-07-02 17:14:31,开发/测试/运维类,后端开发,薪酬高环境好 氛围轻松福利满足期望,python工程师,本科,深圳市创元投资控股有限公司,""""", ",15-50人
15k-25k,深圳,至优出行共享汽车,南山区,365734,全职,移动互联网,2018-07-12 12:36:57,开发/测试/运维类,后端开发,发展快,Python后端工程师,本科,深圳市联合信通科技有限公司,"弹性工作, 扁平管理, ",150-500人
4k-8k,深圳,和沃翼起,南山区,205023,全职,"移动互联网,金融",2018-07-11 10:14:25,开发/测试/运维类,后端开发,"前景好,氛围好,还有很多",Python开发工程师,本科,深圳市和沃翼起科技有限公司,,15-50人
25K-40K,深圳,米筐 (Ricequant),南山区,37669,全职,金融,2018-06-15 11:05:00,开发/测试/运维类,后端开发,"量化交易,业内知名,双休,超长年假",Python后台开发/数据平台 资深工程师,本科,深圳米筐科技有限公司,"技能培训, 股票期权, 带薪年假, 年度旅游, ",50-150人
20k-40k,深圳,码隆科技,盐田区,78224,全职,移动互联网,2018-07-11 09:34:25,开发/测试/运维类,软件开发,发展前景广阔,高级python开发工程师（深圳）,本科,深圳码隆科技有限公司,"技术大牛集聚, 扁平管理, 五险一金, 领导好, ",50-150人
15k-30k,深圳,狗尾草智能科技,南山区,53970,全职,"移动互联网,O2O",2018-06-20 11:44:08,开发/测试/运维类,后端开发,"待遇超级好,福利超级多,公司发展快,人傻钱还多",高级Python开发工程师,本科,深圳狗尾草智能科技有限公司,"年底双薪, 股票期权, 带薪年假, 绩效奖金, ",150-500人
15k-20k,深圳,领存技术,南山区,416984,全职,"移动互联网,电子商务",2018-07-11 12:26:54,开发/测试/运维类,软件开发,"五险一金,周末双休,年底双薪,团队优秀",Python工程师,本科,深圳市领存技术有限公司,"年底双薪, 绩效奖金, 年度旅游, 节日礼物, ",50-150人
20k-40k,深圳,笨鸟社交,南山区,84086,全职,企业服务,2018-07-10 16:33:56,开发/测试/运维类,后端开发,海量数据,python工程师,本科,厦门笨鸟电子商务有限公司,"高新企业, 扁平管理, 五险一金, 股票期权, ",150-500人
14k-20k,深圳,深圳市慧星辰科技有限公司,龙华新区,306694,全职,"移动互联网,电子商务",2018-07-09 17:22:37,开发/测试/运维类,软件开发,"体检,五险一金,加班费,节假日福利",python开发工程师,本科,深圳市慧星辰科技有限公司,""""", ",50-150人
15k-30k,深圳,AKULAKU,南山区,107664,全职,"移动互联网,金融",2018-07-12 11:15:03,开发/测试/运维类,后端开发,"数据建模,机器学习,专注专业",高级Python工程师/面向对象高级Python工,本科,岩心科技（深圳）有限公司,"美女如云, 股票期权, 高速发展, 扁平管理, ",150-500人
10k-20k,深圳,悦动,南山区,9795,全职,"移动互联网 ,社交网络",2018-07-12 12:14:11,开发/测试/运维类,后端开发,"水果+零食,技术分享,福利待遇好,发展很好",python后台开发工程师,本科,深圳市悦动天下科技有限公司,"股票期权, 带薪年假, 绩效奖金, 扁平管理, ",50-150人
10k-15k,深圳,平安科技,福田区,24748,全职,金融,2018-07-12 16:53:29,开发/测试/运维类,后端开发,世界500强 带薪年假 节日福利 绩效丰厚,Python后台开发工程师（深圳）,本科,平安科技（深圳）有限公司,"节日礼物, 年度旅游, 岗位晋升, 技能培训, ",2000人以上
25k-50k,深圳,翼果科技,南山区,59521,全职,"大数据,互联网,移动互联网",2018-07-12 10:42:20,开发/测试/运维类,后端开发,"技术挑战大,成就感高,数据量大",Python资深后台工程师(科技园),本科,翼果（深圳）科技有限公司,"绩效奖金, 岗位晋升, 扁平管理, 领导好, ",15-50人
10k-15k,深圳,前海企保,南山区,139502,全职,"金融,企业服务",2018-06-22 18:04:34,开发/测试/运维类,后端开发,"薪酬高,福利好,美女多",Python工程师,本科,前海企保科技（深圳）有限公司,"弹性工作, 帅哥多, 美女多, 领导好, ",15-50人
10k-20k,深圳,江苏亿科达,福田区,128998,全职,"移动互联网,金融",2018-07-12 10:11:06,开发/测试/运维类,后端开发,"带薪年假,下午茶,周末双休,年终奖",初中级 Python 开发工程师,本科,上海海万信息科技股份有限公司,,500-2000人
8K-16K,深圳,米筐 (Ricequant),南山区,37669,全职,金融,2018-06-27 17:29:05,开发/测试/运维类,后端开发,"金融科技,量化交易,双休,不打卡",PYTHON数据工程师,本科,深圳米筐科技有限公司,"技能培训, 股票期权, 带薪年假, 年度旅游, ",50-150人
15k-25k,深圳,清影医疗,盐田区,296175,全职,"医疗健康,其他",2018-07-12 15:12:24,开发/测试/运维类,后端开发,"人工智能,智慧医疗,五险一金,扁平化",Python后端工程师,本科,清影医疗科技(深圳)有限公司,"五险一金, 年假, 气氛轻松, 股票期权, ",50-150人
10k-20k,深圳,妈妈派月嫂,南山区,276475,全职,"移动互联网,O2O",2018-07-11 14:42:54,开发/测试/运维类,后端开发,"期权奖励,弹性工作",Python工程师,本科,深圳市嵇康信息技术有限公司,,15-50人
11k-18k,深圳,浪潮企业云深圳研发中心,南山区,53711,全职,"移动互联网,企业服务",2018-07-05 10:27:54,开发/测试/运维类,后端开发,"成长机会,高手如云,环境好,氛围轻松",python开发工程师,本科,浪潮通用软件有限公司深圳研发中心,"技能培训, 节日礼物, 绩效奖金, 岗位晋升, ",2000人以上
5k-9k,深圳,淘乐网络,南山区,20727,全职,游戏,2018-07-02 19:21:07,开发/测试/运维类,前端开发/移动开发,"年终奖,项目奖,免费三餐,双休",python开发（游戏客户端）,本科,深圳淘乐网络科技有限公司,"项目分成, 骨干配车, 年终奖, 免费三餐, ",150-500人
15k-30k,深圳,平安科技,福田区,24748,全职,金融,2018-07-12 16:53:22,开发/测试/运维类,后端开发,世界500强，丰厚奖金,Python开发工程师（深圳）,本科,平安科技（深圳）有限公司,"节日礼物, 年度旅游, 岗位晋升, 技能培训, ",2000人以上
9k-16k,深圳,宸睿科技,南山区,76413,全职,"电子商务,教育",2018-07-10 11:35:48,技术,后端开发,双休、五险一金、免费旅游、晋升快、下午茶,Python工程师,本科,深圳宸睿科技有限公司,"带薪年假, 领导好, 五险一金, 高新企业, ",少于15人
10k-20k,深圳,深圳市百答科技有限公司,南山区,41545,全职,移动互联网,2018-07-09 18:55:16,开发/测试/运维类,后端开发,"互联网大咖,行业有前景,技术大牛",Python开发工程师,本科,深圳市百答科技有限公司,"带薪年假, 扁平管理, 美女多, 定期体检, ",50-150人
15k-25k,深圳,携程,福田区,6636,全职,"移动互联网,旅游",2018-07-10 11:40:46,开发/测试/运维类,后端开发,"福利待遇好,成长机会多,团队给力",Python开发工程师,本科,携程计算机技术（上海）有限公司,"绩效奖金, 股票期权, 五险一金, 交通补助, ",2000人以上
6k-12k,深圳,深圳氪希尔科技有限公司,南山区,397565,全职,金融,2018-07-02 15:58:50,开发/测试/运维类,后端开发,"弹性工作,氛围好,行业前景,团队",Python开发工程师（优秀应届毕业生可考虑）,本科,深圳氪希尔科技有限公司,""""", ",少于15人
13k-18k,深圳,Mecha,南山区,287156,全职,移动互联网,2018-06-15 10:36:53,开发/测试/运维类,后端开发,"五险一金,弹性工作,发展前景",Python 开发工程师,本科,深圳市知物畅想科技有限公司,"股票期权, 带薪年假, 绩效奖金, ",少于15人
9k-18k,深圳,云数科技,南山区,142442,全职,"数据服务,企业服务",2018-07-09 15:19:38,开发/测试/运维类,后端开发,"带薪年假,绩效奖金,公司团建",Python 开发工程师,本科,云数信息科技（深圳）有限公司,"年底双薪, 绩效奖金, 带薪年假, 公司团建, ",15-50人
20k-40k,深圳,小步网络,宝安区,130397,全职,移动互联网,2018-07-12 11:03:36,开发/测试/运维类,后端开发,"海外项目,发展空间大,环境宽松,大牛多",Python后台架构师,本科,深圳小步网络科技有限公司,"股票期权, 定期体检, 下午茶, 年度旅游, ",50-150人
15k-25k,深圳,锐链科技,南山区,362259,全职,移动互联网 数据服务,2018-07-11 11:10:43,开发/测试/运维类,后端开发,"大牛带队,行业好,福利多多,待遇好",Python中高级开发工程师,本科,深圳锐链科技有限公司,"绩效奖金, 带薪年假, 定期体检, 弹性工作, ",50-150人
15k-30k,深圳,AKULAKU,南山区,107664,全职,"移动互联网,金融",2018-07-10 10:03:46,开发/测试/运维类,后端开发,"牛逼的伙伴,专注的开发,舒服的氛围,薪酬待遇",Python后台开发/数据平台/Senior,本科,岩心科技（深圳）有限公司,"美女如云, 股票期权, 高速发展, 扁平管理, ",150-500人
12k-24k,深圳,深圳源伞科技,南山区,141512,全职,"其他,信息安全",2018-06-14 14:40:59,开发/测试/运维类,后端开发,"玩转开源,架构达人",Web前端/Python研发工程师,本科,深圳市前海源伞科技有限公司,"绩效奖金, 午餐补助, 股票期权, 工程师文化, ",15-50人
10k-20k,深圳,微创,盐田区,189022,全职,"移动互联网,电子商务",2018-07-12 10:58:19,开发/测试/运维类,后端开发,"六险一金,带薪年假,节日福利,技术大牛",Python工程师-赴码隆科技,本科,上海微创软件股份有限公司北京分公司,"年底双薪, 绩效奖金, 免费班车, 节日礼物, ",2000人以上
13k-25k,深圳,艾升,福田区,407170,全职,金融,2018-06-21 18:00:01,开发/测试/运维类,软件开发,"弹性工作,扁平管理,带薪年假",软件开发工程师-Python,本科,艾升（深圳）投资咨询有限公司,""""", ",15-50人
7k-12k,深圳,编玩边学,南山区,110722,全职,"教育,游戏",2018-07-10 18:44:12,其他,教育|培训,"一年13薪,五险一金,节日福利,零食健身",python课程设计师/课程编辑/课程研发,本科,深圳市编玩边学教育科技有限公司,"专项奖金, 股票期权, 绩效奖金, 午餐补助, ",150-500人
15k-30k,深圳,百丽新零售,南山区,331391,全职,"移动互联网,电子商务",2018-07-04 11:02:29,开发/测试/运维类,后端开发,Flask,Python开发工程师,本科,百丽电子商务（上海）有限公司,"百丽新零售, 年底三薪, 绩效奖金, 带薪年假, ",500-2000人
15k-20k,深圳,锚链科技,南山区,212786,全职,"移动互联网,数据服务",2018-07-02 11:28:16,开发/测试/运维类,后端开发,"福利待遇好,项目好,大牛带队,周末双休",Python开发工程师,本科,深圳锚链科技有限公司,"带薪年假, 年底双薪, 弹性工作, 年度旅游, ",50-150人
17k-23k,深圳,通力互联,龙岗区,123777,全职,"电子商务,企业服务",2018-07-09 15:48:13,开发/测试/运维类,后端开发,重点项目,python偏后台维护,本科,北京通力互联技术服务有限公司,"绩效奖金, 交通补助, 定期体检, 通讯津贴, ",2000人以上
20k-30k,深圳,匀富尚品,南山区,314625,全职,电子商务 移动互联网,2018-07-03 14:33:59,开发/测试/运维类,后端开发,"年终奖金,年度旅游,24月薪资",Python 开发工程师,本科,匀富（深圳）电子商务有限公司,"带薪年假, 24月薪酬, 年度体检, 年度旅游, ",50-150人
20k-40k,深圳,翼果科技,南山区,59521,全职,"大数据,互联网,移动互联网",2018-07-12 10:42:20,开发/测试/运维类,后端开发,"技术氛围好,数据量大,上升空间大,福利多",Python高级后台工程师(科技园),本科,翼果（深圳）科技有限公司,"绩效奖金, 岗位晋升, 扁平管理, 领导好, ",15-50人
8k-12k,深圳,捷誊技术,南山区,324077,全职,数据服务、硬件,2018-07-09 17:07:53,开发/测试/运维类,软件开发,"六险一金,带薪年假,顶尖技术",Python 软件工程师,本科,深圳捷誊技术有限公司,"带薪年假, 年底双薪, 通讯津贴, 股票期权, ",15-50人
8K-15K,深圳,昂达供应链,南山区,390579,全职,电子商务,2018-06-13 15:25:56,开发/测试/运维类,后端开发,有竞争力的年薪+期权，区块链新创企业,Python工程师,本科,深圳昂达供应链管理有限公司,""""", ",50-150人
15k-30k,深圳,顺丰科技有限公司,南山区,35996,全职,"移动互联网,电子商务",2018-07-12 14:54:20,开发/测试/运维类,后端开发,"挑战大,前景好,弹性上班,福利好",python后台开发工程师,本科,顺丰科技有限公司,"技能培训, 节日礼物, 带薪年假, 岗位晋升, ",500-2000人
15k-30k,深圳,光启集团,南山区,322508,全职,"数据服务,硬件",2018-07-09 09:37:18,开发/测试/运维类,软件开发,上市公司,高级Python开发工程师,本科,深圳光启超材料技术有限公司,"股票期权, 定期体检, 专项奖金, 年度旅游, ",500-2000人
25k-50k,深圳,美图公司,南山区,23291,全职,"移动互联网,硬件",2018-07-02 18:23:08,开发/测试/运维类,后端开发,"国际化产品,竞争力薪资,初创团队,超大用户量",高级Python工程师/架构师,本科,厦门美图之家科技有限公司,"节日礼物, 与大牛共事, 福利健全, 五险一金, ",2000人以上
10k-20k,深圳,深信服科技集团,南山区,182070,全职,"信息安全,企业服务",2018-07-03 17:32:31,开发/测试/运维类,后端开发,"平台大,福利好,薪资高",python开发工程师,本科,深信服科技股份有限公司,"三餐全包, 大牛超多, 年终奖超多, 大公司，稳定, ",2000人以上
12k-18k,深圳,海量数据,福田区,182163,全职,数据服务,2018-07-09 14:36:10,开发/测试/运维类,后端开发,"成长基金,季度旅游,补充医疗,体检",Python开发工程师（深圳）,本科,海量数据技术股份有限公司,,150-500人
18k-30k,深圳,腾讯,南山区,451,全职,"移动互联网 ,游戏",2018-06-27 16:54:35,开发/测试/运维类,后端开发,"绩效奖金,五险一金,带薪休假",python后台开发工程师（深圳/上海）,本科,腾讯科技(深圳)有限公司,"免费班车, 成长空间, 年度旅游, 岗位晋升, ",2000人以上
24k-33k,深圳,ITS,南山区,135308,全职,"数据服务,移动互联网",2018-07-12 17:45:18,开发/测试/运维类,管理岗,"股票期权,弹性工作时",Python后台高级开发经理,本科,深圳市埃提思科技开发有限公司,,15-50人
10k-20k,深圳,南方网通,南山区,168440,全职,企业服务,2018-07-09 09:31:23,开发/测试/运维类,后端开发,"提供住宿,五险一金,员工旅游,带薪年假",Python高级开发工程师,本科,深圳市南方网通信息技术有限公司,,150-500人
13k-25k,深圳,KLOOK 客路旅行,福田区,28121,全职,"移动互联网,旅游",2018-07-11 17:34:42,开发/测试/运维类,后端开发,"国际化平台,环境舒适,好玩有趣",Python后端工程师,本科,深圳市客路网络科技有限公司,"零食水果供应, 带薪年假, 绩效奖金, 扁平管理, ",500-2000人
15k-30k,深圳,顺丰科技有限公司,南山区,35996,全职,"移动互联网,电子商务",2018-07-12 14:54:19,开发/测试/运维类,后端开发,"逻辑,架构,流程,沟通",GIS平台JAVA工作流与PYTHON脚本高级研发,本科,顺丰科技有限公司,"技能培训, 节日礼物, 带薪年假, 岗位晋升, ",500-2000人
10K-15K,深圳,博悦科创,南山区,117217,全职,移动互联网,2018-07-11 17:40:52,开发/测试/运维类,后端开发,"五险一金,绩效奖金,定期体检,员工旅游",python后端,本科,深圳市博悦科创科技有限公司,"年底双薪, 定期体检, 绩效奖金, 技能培训, ",500-2000人
9K-15K,深圳,点赞互娱,南山区,331177,全职,移动互联网,2018-07-10 12:33:16,开发/测试/运维类,后端开发,五险一金，旅游，项目奖,游戏服务器python开发工程师,本科,深圳点赞互娱科技有限公司,""""", ",15-50人
15k-30k,深圳,小步网络,宝安区,130397,全职,移动互联网,2018-07-12 11:03:36,开发/测试/运维类,后端开发,"大牛云集,发展空间大,弹性上班",Python爬虫工程师,本科,深圳小步网络科技有限公司,"股票期权, 定期体检, 下午茶, 年度旅游, ",50-150人
18k-30k,深圳,腾讯,南山区,451,全职,"移动互联网 ,游戏",2018-06-27 11:09:32,开发/测试/运维类,后端开发,"五险一金,绩效奖金,带薪休假",HY2-监控系统开发工程师-Python（深圳）,本科,腾讯科技(深圳)有限公司,"免费班车, 成长空间, 年度旅游, 岗位晋升, ",2000人以上
10k-18k,深圳,一面数据,南山区,35565,全职,"移动互联网,数据服务",2018-07-12 10:26:38,开发/测试/运维类,后端开发,"大数据领域,人工智能,清华系大牛,技术氛围浓",Python爬虫工程师,本科,深圳市一面网络技术有限公司,"技能培训, 海归精英团队, Geek分享, 绩效奖金, ",15-50人
5k-8k,深圳,点趣网络,宝安区,56287,全职,移动互联网,2018-06-20 14:15:30,开发/测试/运维类,软件开发,O2O,Python助理开发工程师,本科,深圳市点趣网络技术有限公司,"股票期权, 绩效奖金, 五险一金, 弹性工作, ",50-150人
10k-15k,深圳,乐信,南山区,15175,全职,移动互联网,2018-07-12 18:32:28,开发/测试/运维类,后端开发,"上市公司,弹性工作,一对一导师,扁平管理",python爬虫工程师 (MJ000259),本科,深圳乐信软件技术有限公司,"年终分红, 绩效奖金, 专项奖金, 年底双薪, ",2000人以上
5k-10k,深圳,荔枝微课,南山区,187673,实习,"移动互联网,教育",2018-07-10 11:13:30,开发/测试/运维类,后端开发,"年轻团队,双休,转正机会,学习机会多",Python实习生,本科,深圳市微课科技有限公司,"美女多, 弹性工作, 扁平管理, 年底双薪, ",50-150人
10k-18k,深圳,乔安,龙华新区,211667,全职,"电子商务,硬件",2018-07-09 11:19:11,开发/测试/运维类,数据开发,"项目奖金,绩效奖金,住房补贴,年度旅游",后端python工程师,本科,深圳市乔安科技有限公司,"绩效奖金, 带薪年假, 年终分红, 年度旅游, ",150-500人
15k-30k,深圳,元一灵通智能,南山区,380120,全职,"金融,生活服务",2018-07-09 10:07:06,开发/测试/运维类,后端开发,"年终奖,入职购五险,晋升机会高,年度旅游",Python量化工程师,本科,元一灵通智能科技（深圳）有限公司,"弹性工作, 年度旅游, 年底双薪, 带薪年假, ",50-150人
15k-25k,深圳,布谷鸟科技,南山区,148452,全职,"电子商务,移动互联网",2018-07-09 17:22:51,开发/测试/运维类,后端开发,"福利多多,俊男靓女,绩效奖金",高级Python工程师（爬虫）,本科,深圳布谷鸟信息科技有限公司,"高颜值公司, 发展潜力大, 美女多, 岗位晋升, ",500-2000人
10k-20k,深圳,江苏亿科达,福田区,128998,全职,"移动互联网,金融",2018-07-10 18:57:44,开发/测试/运维类,后端开发,"交通便利,大平台",Python后台开发,本科,上海海万信息科技股份有限公司,,500-2000人
13k-26k,深圳,华润置地,南山区,81165,全职,其他,2018-06-29 18:01:06,开发/测试/运维类,后端开发,"500强,创新业务,福利好",数据工程师（Python）,本科,华润置地有限公司,"带薪年假, 绩效奖金, 岗位晋升, 管理规范, ",2000人以上
10k-20k,深圳,数位科技,南山区,135283,全职,"移动互联网,数据服务",2018-07-12 09:51:07,开发/测试/运维类,数据开发,"技术大牛,团队氛围好,股票期权,福利待遇好",Python爬虫工程师,本科,深圳数位传媒科技有限公司,"2个月年终奖, 团队靠谱, 期权股票, 带薪病假, ",50-150人
15k-30k,深圳,顺丰科技有限公司,南山区,35996,全职,"移动互联网,电子商务",2018-07-12 14:54:21,开发/测试/运维类,后端开发,"弹性时间,带薪休假,晋升大,氛围好",Python开发工程师（人工智能业务）,本科,顺丰科技有限公司,"技能培训, 节日礼物, 带薪年假, 岗位晋升, ",500-2000人
18k-30k,深圳,一面数据,南山区,35565,全职,"移动互联网,数据服务",2018-07-12 10:26:38,开发/测试/运维类,后端开发,"大数据领域,人工智能,清华系大牛,技术氛围浓",高级Python爬虫工程师,本科,深圳市一面网络技术有限公司,"技能培训, 海归精英团队, Geek分享, 绩效奖金, ",15-50人
8k-15k,深圳,编程猫,南山区,68524,全职,"移动互联网,教育",2018-07-12 10:52:02,运营/编辑/客服,编辑,"能撸猫,氛围好,二次元,有餐补",教材研发——Python,本科,深圳点猫科技有限公司,"专项奖金, 股票期权, 岗位晋升, 年度旅游, ",500-2000人
15k-30k,深圳,OPPO,南山区,6927,全职,移动互联网,2018-07-09 15:11:34,技术,后端开发,核心事业群 千万级日活 氛围好 组织扁平,Python工程师（运维平台）,本科,广东欧珀移动通信有限公司,"丰厚年终, 扁平管理, 追求极致, 本分, ",2000人以上
25k-50k,深圳,郑州嘉馨科技有限公司,南山区,21221,全职,O2O,2018-06-25 15:07:53,开发/测试/运维类,后端开发,"双休加班少,15薪以上,年假福利多,技术氛围好",Python后台开发工程师,本科,平达投资股份有限公司,"技能培训, 节日礼物, 带薪年假, 岗位晋升, ",2000人以上
5k-6k,深圳,ASML睿初科技,南山区,7789,实习,"企业服务,数据服务",2018-06-28 08:34:18,技术,后端开发,有导师带，能学到很多知识,Python 实习生,本科,睿初科技,"节日礼物, 技能培训, 年底双薪, 尊重和认可, ",2000人以上
12k-15k,深圳,布谷鸟科技,南山区,148452,全职,"电子商务,移动互联网",2018-07-10 16:56:09,开发/测试/运维类,后端开发,"技术大牛,团队氛围",Python爬虫,本科,深圳布谷鸟信息科技有限公司,"高颜值公司, 发展潜力大, 美女多, 岗位晋升, ",500-2000人
15k-30k,深圳,DJI大疆创新,南山区,21775,全职,"移动互联网,硬件",2018-07-08 18:47:39,开发/测试/运维类,后端开发,"无人机行业,行业领先",信息安全工程师（Python）,本科,深圳市大疆创新科技有限公司,"朝阳行业, 丰厚薪资待遇, 年终发车, 扁平管理, ",2000人以上
6k-12k,深圳,酸桃数据,南山区,160695,全职,"移动互联网,广告营销",2018-07-11 09:38:26,开发/测试/运维类,后端开发,"氛围好,弹性上班,发展空间大",Python爬虫工程师,本科,深圳浩瀚星际网络科技有限公司,"弹性工作, 帅哥多, 扁平管理, 领导好, ",15-50人
9k-18k,深圳,九康科技,南山区,130221,全职,"移动互联网,医疗健康",2018-07-12 09:20:26,开发/测试/运维类,后端开发,"扁平化管理,有指导,双休,上升空间",后台开发（C＋＋及python）,本科,九康科技（深圳）有限公司,"带薪年假, 绩效奖金, 扁平管理, 五险一金, ",15-50人
25k-40k,深圳,平安科技,福田区,88685,全职,"移动互联网,金融",2018-06-25 15:23:41,开发/测试/运维类,后端开发,"资金丰富,领导好,大咖多,人工智能",Python 后台服务器开发,本科,平安科技（深圳）有限公司,"年底双薪, 专项奖金, 带薪年假, 绩效奖金, ",2000人以上
8k-16k,深圳,Using.ai,南山区,253697,全职,"企业服务,数据服务",2018-06-19 20:26:15,开发/测试/运维类,后端开发,"高成长,人工智能",Python工程师（人工智能方向）,本科,深圳贝尔信息科技有限公司,,少于15人
15k-30k,深圳,腾讯,南山区,451,全职,"移动互联网 ,游戏",2018-06-26 14:15:40,开发/测试/运维类,后端开发,"行业领先,技术氛围浓,绩效奖金,腾讯福利",python后台开发工程师（深圳/上海）,本科,腾讯科技(深圳)有限公司,"免费班车, 成长空间, 年度旅游, 岗位晋升, ",2000人以上
15k-25k,深圳,晶泰科技,福田区,76066,全职,"企业服务,医疗健康",2018-07-10 13:33:34,开发/测试/运维类,后端开发,"五险一金,年底双薪,带薪年假,双休不打卡",高级后端工程师（python、Go语言）,本科,深圳晶泰科技有限公司,"节日礼物, 股票期权, 岗位晋升, 扁平管理, ",50-150人
3k-6k,深圳,乾晟科技,福田区,376017,实习,金融、数据服务,2018-06-20 14:01:21,开发/测试/运维类,后端开发,住宿+高报酬＋有留用机会,python实习,本科,深圳乾晟信息科技有限公司,""""", ",15-50人
20k-40k,深圳,腾讯,南山区,451,全职,"移动互联网 ,游戏",2018-07-10 15:42:56,开发/测试/运维类,后端开发,"大数据,数据分析,BI,知识图谱",数据分析平台开发工程师（Python）,本科,腾讯科技(深圳)有限公司,"免费班车, 成长空间, 年度旅游, 岗位晋升, ",2000人以上
15k-30k,深圳,富途网络,,9253,全职,"移动互联网,金融",2018-06-26 14:02:27,技术,后端开发,互联网金融,运营开发工程师（Python）,本科,富途网络科技（深圳）有限公司,"年底双薪, 腾讯系, 互联网金融, 年度体检, ",500-2000人
15k-30k,深圳,平安金服,罗湖区,161720,全职,"金融,数据服务",2018-07-11 19:19:16,开发/测试/运维类,后端开发,"免费三餐,超优厚年终,腾讯华为背",C++/python后台研发工程师,本科,深圳平安综合金融服务有限公司,,2000人以上
5k-7k,深圳,比特穿越,南山区,125824,全职,数据服务,2018-07-12 11:33:12,开发/测试/运维类,后端开发,"成长空间大,学习机会多,产品有前景,工作有趣",Python代码QA,本科,深圳市比特穿越科技有限公司,"绩效奖金, 股票期权, 年终奖, 定期调薪, ",15-50人
15k-30k,深圳,ASML睿初科技,南山区,7789,全职,"企业服务,数据服务",2018-07-12 10:41:45,开发/测试/运维类,后端开发,"硅谷培训,加班少,氛围好,福利好",C++/Python后台软件开发高级工程师,本科,睿初科技,"节日礼物, 技能培训, 年底双薪, 尊重和认可, ",2000人以上
8k-10k,深圳,谷熊科技,福田区,109507,全职,"移动互联网,社交网络",2018-07-10 15:52:27,开发/测试/运维类,测试,测试,python开发工程师—测试方向,本科,深圳市谷熊网络科技有限公司,"专项奖金, 管理规范, 领导好, 五险一金, ",15-50人
5k-8k,深圳,上海泓倍,福田区,31181,实习,金融,2018-07-10 16:31:41,技术,后端开发,五险一金，双休及法定假日，交通食宿补助,C++/Python IT实习生,本科,上海泓倍资产管理中心（有限合伙）,"带薪年假, 交通补助, 五险一金, 午餐补助, ",少于15人
10k-20k,深圳,乐信,南山区,15175,全职,移动互联网,2018-07-12 17:38:16,开发/测试/运维类,后端开发,"年底双薪,绩效奖金,年度旅游,上市公司",python爬虫工程师,本科,深圳乐信软件技术有限公司,"年终分红, 绩效奖金, 专项奖金, 年底双薪, ",2000人以上
15k-25k,深圳,晶泰科技,福田区,76066,全职,"企业服务,医疗健康",2018-07-10 13:33:35,开发/测试/运维类,后端开发,五险一金，年底双薪，氛围好，双休不打卡,科学计算软件开发工程师（ Python、C/C++、Fortran）,本科,深圳晶泰科技有限公司,"节日礼物, 股票期权, 岗位晋升, 扁平管理, ",50-150人
10k-19k,深圳,暴鸡电竞,南山区,163522,全职,"移动互联网,文化娱乐",2018-07-09 12:05:53,开发/测试/运维类,后端开发,"电竞风口,互联网平台,工作氛围好,领导奈斯",Python自动化测试,本科,深圳开黑科技有限公司,"股票期权, 岗位晋升, 年度旅游, 晚餐补贴, ",50-150人
15k-30k,深圳,翼果科技,南山区,59521,全职,"大数据,互联网,移动互联网",2018-07-12 10:42:19,开发/测试/运维类,测试,"技术氛围好,快速成长,福利多",Python测试工程师,本科,翼果（深圳）科技有限公司,"绩效奖金, 岗位晋升, 扁平管理, 领导好, ",15-50人
12k-24k,深圳,途游,南山区,2646,全职,"移动互联网,游戏",2018-06-27 16:14:47,开发/测试/运维类,后端开发,"公司氛围好,弹性工作制",python游戏服务端高级技术,本科,在线途游（北京）科技有限公司,"股票期权, 专项奖金, 五险一金, 带薪年假, ",150-500人
9k-15k,深圳,战吼,南山区,89131,全职,"移动互联网,社交网络",2018-07-07 16:20:12,开发/测试/运维类,后端开发,"前沿技术,大牛带队,五险一金,期权奖励",游戏后台 C# Python 开发工程师,本科,深圳战吼网络科技有限公司,"股票期权, 全球市场, 自带光环, ",15-50人
12k-24k,深圳,英菲创新,南山区,324293,全职,"移动互联网,金融",2018-07-11 10:58:18,开发/测试/运维类,后端开发,"人工智能,金融科技,创新团队,弹性工作",Python爬虫开发工程师,本科,深圳英菲创新智能科技有限公司,"火箭成长, 牛人大拿, 创业激情, 有钱有颜, ",15-50人
18k-35k,深圳,高灯科技,南山区,341494,全职,移动互联网 电子商务,2018-07-12 11:37:42,开发/测试/运维类,后端开发,"好项目前景,强资源优势,腾讯系,年终双休",高级爬虫开发工程师（Python）,本科,海南高灯科技有限公司,"交通补助, 定期体检, 双休, 地铁口, ",150-500人
8k-12k,深圳,比特穿越,南山区,125824,全职,数据服务,2018-07-12 11:33:12,开发/测试/运维类,后端开发,"产品有前景,氛围活跃,成长空间大,工作有趣",Python爬虫工程师,本科,深圳市比特穿越科技有限公司,"绩效奖金, 股票期权, 年终奖, 定期调薪, ",15-50人
8k-15k,深圳,腾讯,南山区,451,全职,"移动互联网 ,游戏",2018-07-11 12:00:46,开发/测试/运维类,后端开发,"大公司平台,全面福利,特色文化,行业领先",Python运营开发,本科,腾讯科技(深圳)有限公司,"免费班车, 成长空间, 年度旅游, 岗位晋升, ",2000人以上
15k-30k,深圳,富途网络,南山区,9253,全职,"移动互联网,金融",2018-06-26 14:02:27,开发/测试/运维类,运维安全,"精英团队,弹性工作,行业独角兽,工作氛围",运营开发工程师（Python）,本科,富途网络科技（深圳）有限公司,"年底双薪, 腾讯系, 互联网金融, 年度体检, ",500-2000人
25k-35k,深圳,巅峰电竟,南山区,212294,全职,"移动互联网,游戏",2018-06-23 17:04:58,开发/测试/运维类,后端开发,"靠近地铁,福利多多",python爬虫开发工程师,本科,深圳市巅峰电竟信息技术有限公司,"年底双薪, 带薪年假, 绩效奖金, 交通补助, ",15-50人
15k-20k,深圳,AI Harbor,南山区,369269,全职,"金融,数据服务",2018-07-11 18:58:17,开发/测试/运维类,后端开发,"五险一金,大小周,包午餐,技术型企业",Python数据爬虫工程师,本科,AI HARBOR COMPANY LIMITED,""""", ",50-150人
15k-20k,深圳,sosobtc,南山区,204927,全职,"移动互联网,金融",2018-07-12 17:19:43,开发/测试/运维类,数据开发,"大小周,互联网金融,行业引领,气氛好",python数据爬虫工程师,本科,深圳可点科技有限公司,"带薪年假, 股票期权, 定期出游, 大小周, ",50-150人
12k-22k,深圳,以太科技,南山区,260726,全职,移动互联网,2018-06-13 19:38:48,开发/测试/运维类,后端开发,"全员持股,弹性工作,欢乐氛围,技术驱动",服务器工程师(go/python),本科,深圳以太科技有限公司,,15-50人
8k-14k,深圳,汇金智融,南山区,119788,全职,"移动互联网,电子商务",2018-07-12 09:23:00,开发/测试/运维类,后端开发,"年终奖,加班费,五险一金,带薪年假",Python爬虫工程师,本科,汇金智融（北京）科技有限公司,"年底双薪, 绩效奖金, 带薪年假, 弹性工作, ",150-500人
15k-30k,深圳,OPPO,,6927,全职,移动互联网,2018-07-09 15:11:33,开发/测试/运维类,测试,给力薪酬 海景办公楼 高配健身房 员工食堂,Python测试开发工程师,本科,广东欧珀移动通信有限公司,"丰厚年终, 扁平管理, 追求极致, 本分, ",2000人以上
12k-24k,深圳,深圳思力科,南山区,289076,全职,"数据服务,硬件",2018-07-12 10:21:01,开发/测试/运维类,后端开发,"带薪年假,年底双薪,定期体检,员工旅游",C++/Python/QT软件工程师,本科,思力科（深圳）电子科技有限公司,"年底双薪, 专项奖金, 股票期权, 带薪年假, ",50-150人
20k-35k,深圳,电竞风暴,南山区,353805,全职,移动互联网 数据服务,2018-06-21 18:07:20,开发/测试/运维类,后端开发,"地铁周边,福利多多",Python高级爬虫工程师,本科,深圳电竞风暴科技有限公司,""""", ",50-150人
10k-15k,深圳,上海泓倍,福田区,31181,全职,金融,2018-07-10 16:32:03,技术,后端开发,专注量化私募投资，上升空间大，待遇丰厚,"C++,Python",本科,上海泓倍资产管理中心（有限合伙）,"带薪年假, 交通补助, 五险一金, 午餐补助, ",少于15人
9K-18K,深圳,名媛世家,龙岗区,388993,全职,移动互联网、企业服务,2018-07-11 10:37:59,开发/测试/运维类,软件开发,1、五天8小时；2、入职购买五险一金；,python爬虫,本科,深圳市龙岗区名媛世家健康信息咨询部,""""", ",2000人以上
15k-20k,深圳,深圳新链科技企业（有限合伙）,南山区,361865,全职,"移动互联网,金融",2018-07-09 18:26:07,开发/测试/运维类,数据开发,"五险一金,无限零食,团队出游,技术大神",python数据爬虫工程师,本科,深圳新链科技企业（有限合伙）,""""", ",50-150人
13k-20k,深圳,易仓,南山区,80590,全职,"移动互联网,电子商务",2018-06-25 10:47:20,开发/测试/运维类,后端开发,"牛人多,人性化管理,分享多,发展快",Python 爬虫方向,本科,深圳市易仓科技有限公司,"节日礼物, 带薪年假, 年度旅游, 岗位晋升, ",150-500人
3k-5k,深圳,比特穿越,南山区,125824,实习,数据服务,2018-07-12 11:33:12,开发/测试/运维类,后端开发,"学习机会多,关系简单,成长空间大,老大很赞",Python爬虫实习生,本科,深圳市比特穿越科技有限公司,"绩效奖金, 股票期权, 年终奖, 定期调薪, ",15-50人
8k-16k,深圳,汇金智融,南山区,119788,全职,"移动互联网,电子商务",2018-06-21 08:46:24,开发/测试/运维类,后端开发,"五险一金,加班补贴,双休,7小时制",python爬虫工程师,本科,汇金智融（北京）科技有限公司,"年底双薪, 绩效奖金, 带薪年假, 弹性工作, ",150-500人
15k-30k,深圳,迅雷,南山区,101,全职,移动互联网,2018-07-09 10:16:32,开发/测试/运维类,后端开发,大流量平台,手雷-后台开发(Python/C++/Go),本科,深圳市迅雷网络技术有限公司,"节日礼物, 技能培训, 免费班车, 运动日, ",500-2000人
8k-12k,深圳,可链科技,南山区,315649,全职,"移动互联网,数据服务",2018-07-09 18:26:31,开发/测试/运维类,测试,"技术大牛,无限零食,带薪年假,团建出游",python数据爬虫工程师,本科,深圳可链科技有限公司,""""", ",50-150人
20k-40k,深圳,富途网络,南山区,9253,全职,"移动互联网,金融",2018-06-26 14:02:27,开发/测试/运维类,后端开发,"腾讯系团队,六险一金,扁平管理",社区服务端开发工程师(c++/python),本科,富途网络科技（深圳）有限公司,"年底双薪, 腾讯系, 互联网金融, 年度体检, ",500-2000人
20k-40k,深圳,百度,南山区,1575,全职,"移动互联网,数据服务",2018-07-03 15:07:12,开发/测试/运维类,后端开发,"高薪,大平台,牛人多,成长空间大","高级后端研发工程师（PHP,Python,C++）",本科,百度在线网络技术（北京）有限公司,"股票期权, 弹性工作, 五险一金, 免费班车, ",2000人以上
20k-40k,深圳,腾讯,南山区,451,全职,"移动互联网 ,游戏",2018-07-09 16:26:37,开发/测试/运维类,后端开发,机会好,TEG13-python 计算后台开发工程师,本科,腾讯科技(深圳)有限公司,"免费班车, 成长空间, 年度旅游, 岗位晋升, ",2000人以上
15k-30k,深圳,迅雷,南山区,101,全职,移动互联网,2018-07-11 18:38:52,开发/测试/运维类,后端开发,大流量平台,直播-后台开发(Java/Python/C++),本科,深圳市迅雷网络技术有限公司,"节日礼物, 技能培训, 免费班车, 运动日, ",500-2000人
